UF,Municipio,PIB,Populacao
MG,Abadia dos Dourados,  176.774 ,  7.022 
MG,Abaeté,  541.239 ,  23.263 
MG,Abre Campo,  262.687 ,  13.434 
MG,Acaiaca,  64.907 ,  3.995 
MG,Açucena,  165.824 ,  9.270 
MG,Água Boa,  192.074 ,  13.319 
MG,Água Comprida,  229.831 ,  1.986 
MG,Aguanil,  94.615 ,  4.557 
MG,Águas Formosas,  287.599 ,  19.285 
MG,Águas Vermelhas,  236.649 ,  13.656 
MG,Aimorés,  638.010 ,  25.116 
MG,Aiuruoca,  128.549 ,  5.949 
MG,Alagoa,  47.717 ,  2.657 
MG,Albertina,  153.961 ,  3.015 
MG,Além Paraíba,  971.810 ,  35.438 
MG,Alfenas,  3.485.867 ,  80.973 
MG,Alfredo Vasconcelos,  150.663 ,  7.052 
MG,Almenara,  674.900 ,  42.380 
MG,Alpercata,  94.597 ,  7.448 
MG,Alpinópolis,  524.218 ,  20.059 
MG,Alterosa,  296.525 ,  14.566 
MG,Alto Caparaó,  97.111 ,  5.938 
MG,Alto Rio Doce,  180.132 ,  8.286 
MG,Alvarenga,  54.648 ,  10.723 
MG,Alvinópolis,  340.215 ,  3.783 
MG,Alvorada de Minas,  64.855 ,  15.135 
MG,Amparo do Serra,  55.926 ,  3.605 
MG,Andradas,  1.183.812 ,  4.643 
MG,Cachoeira de Pajeú,  125.598 ,  41.704 
MG,Andrelândia,  291.937 ,  12.189 
MG,Angelândia,  144.541 ,  8.594 
MG,Antônio Carlos,  241.904 ,  11.471 
MG,Antônio Dias,  894.624 ,  9.233 
MG,Antônio Prado de Minas,  28.571 ,  1.577 
MG,Araçaí,  59.998 ,  2.360 
MG,Aracitaba,  31.362 ,  2.056 
MG,Araçuaí,  520.019 ,  36.715 
MG,Araguari,  5.837.823 ,  118.361 
MG,Arantina,  88.542 ,  2.779 
MG,Araponga,  122.296 ,  8.467 
MG,Araporã,  1.294.616 ,  6.992 
MG,Arapuá,  172.816 ,  2.836 
MG,Araújos,  474.337 ,  9.523 
MG,Araxá,  8.950.863 ,  108.403 
MG,Arceburgo,  346.704 ,  10.990 
MG,Arcos,  2.346.520 ,  40.658 
MG,Areado,  309.348 ,  15.288 
MG,Argirita,  40.092 ,  2.681 
MG,Aricanduva,  67.084 ,  5.305 
MG,Arinos,  318.620 ,  17.850 
MG,Astolfo Dutra,  292.035 ,  14.358 
MG,Ataléia,  199.016 ,  12.496 
MG,Augusto de Lima,  89.041 ,  4.833 
MG,Baependi,  381.042 ,  19.249 
MG,Baldim,  201.277 ,  7.780 
MG,Bambuí,  780.013 ,  23.964 
MG,Bandeira,  59.116 ,  4.738 
MG,Bandeira do Sul,  86.583 ,  5.808 
MG,Barão de Cocais,  2.439.013 ,  33.232 
MG,Barão de Monte Alto,  63.115 ,  5.311 
MG,Barbacena,  3.523.135 ,  139.061 
MG,Barra Longa,  81.927 ,  4.905 
MG,Barroso,  608.921 ,  20.981 
MG,Bela Vista de Minas,  568.260 ,  10.269 
MG,Belmiro Braga,  61.571 ,  3.422 
MG,Belo Horizonte,  105.829.675 ,  2.530.701 
MG,Belo Oriente,  2.114.722 ,  27.277 
MG,Belo Vale,  279.906 ,  7.723 
MG,Berilo,  112.832 ,  11.813 
MG,Bertópolis,  53.792 ,  4.792 
MG,Berizal,  61.026 ,  4.609 
MG,Betim,  33.132.919 ,  450.024 
MG,Bias Fortes,  41.578 ,  3.282 
MG,Bicas,  277.609 ,  14.612 
MG,Biquinhas,  64.479 ,  2.482 
MG,Boa Esperança,  1.058.550 ,  40.308 
MG,Bocaina de Minas,  80.221 ,  5.088 
MG,Bocaiúva,  1.225.284 ,  50.521 
MG,Bom Despacho,  1.814.096 ,  51.436 
MG,Bom Jardim de Minas,  127.774 ,  6.444 
MG,Bom Jesus da Penha,  196.096 ,  4.270 
MG,Bom Jesus do Amparo,  160.334 ,  6.182 
MG,Bom Jesus do Galho,  171.128 ,  14.792 
MG,Bom Repouso,  160.232 ,  10.527 
MG,Bom Sucesso,  445.078 ,  17.612 
MG,Bonfim,  135.482 ,  6.852 
MG,Bonfinópolis de Minas,  458.719 ,  5.397 
MG,Bonito de Minas,  101.039 ,  11.502 
MG,Borda da Mata,  374.865 ,  19.809 
MG,Botelhos,  325.926 ,  14.927 
MG,Botumirim,  75.753 ,  6.259 
MG,Brasilândia de Minas,  415.095 ,  4.255 
MG,Brasília de Minas,  377.425 ,  16.950 
MG,Brás Pires,  50.032 ,  32.460 
MG,Braúnas,  213.084 ,  4.737 
MG,Brazópolis,  198.032 ,  14.364 
MG,Brumadinho,  4.624.938 ,  41.208 
MG,Bueno Brandão,  240.738 ,  10.982 
MG,Buenópolis,  180.725 ,  10.342 
MG,Bugre,  47.558 ,  3.984 
MG,Buritis,  1.164.015 ,  25.179 
MG,Buritizeiro,  736.130 ,  28.184 
MG,Cabeceira Grande,  477.388 ,  7.025 
MG,Cabo Verde,  290.843 ,  14.074 
MG,Cachoeira da Prata,  51.864 ,  3.580 
MG,Cachoeira de Minas,  537.009 ,  11.609 
MG,Cachoeira Dourada,  269.619 ,  9.470 
MG,Caetanópolis,  315.264 ,  2.720 
MG,Caeté,  1.074.938 ,  11.869 
MG,Caiana,  88.656 ,  45.364 
MG,Cajuri,  97.321 ,  5.584 
MG,Caldas,  337.663 ,  3.961 
MG,Camacho,  70.874 ,  14.600 
MG,Camanducaia,  990.373 ,  2.839 
MG,Cambuí,  1.865.719 ,  21.831 
MG,Cambuquira,  370.862 ,  30.068 
MG,Campanário,  53.464 ,  12.810 
MG,Campanha,  439.877 ,  3.739 
MG,Campestre,  486.392 ,  16.855 
MG,Campina Verde,  536.834 ,  21.052 
MG,Campo Azul,  40.662 ,  19.759 
MG,Campo Belo,  1.244.647 ,  3.830 
MG,Campo do Meio,  231.132 ,  54.338 
MG,Campo Florido,  710.907 ,  11.648 
MG,Campos Altos,  434.286 ,  8.383 
MG,Campos Gerais,  704.550 ,  15.661 
MG,Canaã,  77.460 ,  28.908 
MG,Canápolis,  678.012 ,  5.585 
MG,Cana Verde,  80.138 ,  4.533 
MG,Candeias,  371.149 ,  12.251 
MG,Cantagalo,  56.761 ,  14.890 
MG,Caparaó,  97.624 ,  4.575 
MG,Capela Nova,  62.476 ,  5.464 
MG,Capelinha,  888.063 ,  4.616 
MG,Capetinga,  207.280 ,  38.321 
MG,Capim Branco,  123.379 ,  6.860 
MG,Capinópolis,  666.601 ,  9.896 
MG,Capitão Andrade,  60.813 ,  16.294 
MG,Capitão Enéas,  501.518 ,  5.559 
MG,Capitólio,  328.449 ,  15.388 
MG,Caputira,  143.751 ,  8.693 
MG,Caraí,  210.428 ,  9.318 
MG,Caranaíba,  41.483 ,  23.872 
MG,Carandaí,  751.899 ,  3.150 
MG,Carangola,  639.260 ,  25.831 
MG,Caratinga,  2.283.288 ,  33.022 
MG,Carbonita,  220.682 ,  93.124 
MG,Careaçu,  174.197 ,  9.423 
MG,Carlos Chagas,  474.792 ,  6.826 
MG,Carmésia,  39.788 ,  18.516 
MG,Carmo da Cachoeira,  321.643 ,  2.660 
MG,Carmo da Mata,  265.730 ,  12.193 
MG,Carmo de Minas,  290.443 ,  11.546 
MG,Carmo do Cajuru,  629.040 ,  15.031 
MG,Carmo do Paranaíba,  1.060.224 ,  22.900 
MG,Carmo do Rio Claro,  694.617 ,  30.339 
MG,Carmópolis de Minas,  461.604 ,  21.310 
MG,Carneirinho,  407.481 ,  19.756 
MG,Carrancas,  177.651 ,  10.103 
MG,Carvalhópolis,  71.387 ,  4.052 
MG,Carvalhos,  80.638 ,  3.614 
MG,Casa Grande,  69.241 ,  4.445 
MG,Cascalho Rico,  80.004 ,  2.251 
MG,Cássia,  436.435 ,  3.108 
MG,Conceição da Barra de Minas,  68.733 ,  17.741 
MG,Cataguases,  1.651.609 ,  75.942 
MG,Catas Altas,  5.032.358 ,  5.465 
MG,Catas Altas da Noruega,  40.793 ,  3.665 
MG,Catuji,  83.289 ,  6.206 
MG,Catuti,  56.844 ,  4.944 
MG,Caxambu,  371.035 ,  21.566 
MG,Cedro do Abaeté,  22.406 ,  1.150 
MG,Central de Minas,  87.071 ,  7.059 
MG,Centralina,  351.070 ,  10.343 
MG,Chácara,  47.151 ,  3.216 
MG,Chalé,  114.181 ,  5.695 
MG,Chapada do Norte,  111.127 ,  15.334 
MG,Chapada Gaúcha,  403.118 ,  14.217 
MG,Chiador,  37.253 ,  2.657 
MG,Cipotânea,  73.306 ,  6.811 
MG,Claraval,  182.017 ,  4.873 
MG,Claro dos Poções,  83.730 ,  7.478 
MG,Cláudio,  1.118.680 ,  29.093 
MG,Coimbra,  139.845 ,  7.631 
MG,Coluna,  121.196 ,  8.810 
MG,Comendador Gomes,  154.809 ,  3.128 
MG,Comercinho,  68.129 ,  6.624 
MG,Conceição da Aparecida,  274.177 ,  10.351 
MG,Conceição das Pedras,  61.043 ,  3.939 
MG,Conceição das Alagoas,  1.318.367 ,  28.782 
MG,Conceição de Ipanema,  81.016 ,  2.814 
MG,Conceição do Mato Dentro,  9.051.036 ,  4.581 
MG,Conceição do Pará,  494.122 ,  17.438 
MG,Conceição do Rio Verde,  343.578 ,  5.558 
MG,Conceição dos Ouros,  225.127 ,  13.729 
MG,Cônego Marinho,  63.480 ,  11.852 
MG,Confins,  485.732 ,  7.730 
MG,Congonhal,  220.411 ,  6.867 
MG,Congonhas,  4.115.644 ,  12.209 
MG,Congonhas do Norte,  49.300 ,  55.836 
MG,Conquista,  490.137 ,  5.047 
MG,Conselheiro Lafaiete,  3.118.549 ,  6.997 
MG,Conselheiro Pena,  383.878 ,  130.584 
MG,Consolação,  31.451 ,  22.975 
MG,Contagem,  36.479.765 ,  1.786 
MG,Coqueiral,  234.166 ,  673.849 
MG,Coração de Jesus,  272.891 ,  9.099 
MG,Cordisburgo,  146.187 ,  26.620 
MG,Cordislândia,  113.770 ,  8.903 
MG,Corinto,  612.295 ,  3.546 
MG,Coroaci,  125.593 ,  23.607 
MG,Coromandel,  1.535.205 ,  9.897 
MG,Coronel Fabriciano,  1.996.019 ,  27.958 
MG,Coronel Murta,  119.865 ,  110.709 
MG,Coronel Pacheco,  60.102 ,  9.209 
MG,Coronel Xavier Chaves,  90.916 ,  3.095 
MG,Córrego Danta,  165.603 ,  3.448 
MG,Córrego do Bom Jesus,  45.638 ,  3.168 
MG,Córrego Fundo,  320.637 ,  3.685 
MG,Córrego Novo,  38.526 ,  6.425 
MG,Couto de Magalhães de Minas,  63.270 ,  2.688 
MG,Crisólita,  76.419 ,  4.436 
MG,Cristais,  295.530 ,  6.814 
MG,Cristália,  59.171 ,  13.060 
MG,Cristiano Otoni,  123.694 ,  5.992 
MG,Cristina,  233.896 ,  5.161 
MG,Crucilândia,  83.098 ,  10.211 
MG,Cruzeiro da Fortaleza,  184.043 ,  5.072 
MG,Cruzília,  317.748 ,  3.651 
MG,Cuparaque,  74.054 ,  15.529 
MG,Curral de Dentro,  80.453 ,  5.026 
MG,Curvelo,  2.230.617 ,  7.867 
MG,Datas,  73.964 ,  81.085 
MG,Delfim Moreira,  125.715 ,  5.431 
MG,Delfinópolis,  247.245 ,  8.007 
MG,Delta,  466.767 ,  7.146 
MG,Descoberto,  81.745 ,  10.994 
MG,Desterro de Entre Rios,  261.204 ,  5.044 
MG,Desterro do Melo,  50.625 ,  7.266 
MG,Diamantina,  984.259 ,  2.867 
MG,Diogo de Vasconcelos,  42.942 ,  47.924 
MG,Dionísio,  90.883 ,  3.779 
MG,Divinésia,  63.715 ,  7.493 
MG,Divino,  319.462 ,  3.430 
MG,Divino das Laranjeiras,  61.695 ,  20.020 
MG,Divinolândia de Minas,  82.295 ,  4.969 
MG,Divinópolis,  8.331.346 ,  7.655 
MG,Divisa Alegre,  178.208 ,  242.505 
MG,Divisa Nova,  129.555 ,  6.946 
MG,Divisópolis,  93.202 ,  6.039 
MG,Dom Bosco,  69.302 ,  11.396 
MG,Dom Cavati,  69.648 ,  3.635 
MG,Dom Joaquim,  67.823 ,  5.025 
MG,Dom Silvério,  107.932 ,  4.436 
MG,Dom Viçoso,  39.052 ,  5.227 
MG,Dona Euzébia,  109.905 ,  2.992 
MG,Dores de Campos,  320.215 ,  6.664 
MG,Dores de Guanhães,  190.683 ,  10.291 
MG,Dores do Indaiá,  352.232 ,  5.139 
MG,Dores do Turvo,  66.847 ,  13.373 
MG,Doresópolis,  84.134 ,  4.202 
MG,Douradoquara,  79.333 ,  1.539 
MG,Durandé,  122.893 ,  1.915 
MG,Elói Mendes,  705.930 ,  7.898 
MG,Engenheiro Caldas,  157.033 ,  28.556 
MG,Engenheiro Navarro,  92.061 ,  11.268 
MG,Entre Folhas,  64.926 ,  7.240 
MG,Entre Rios de Minas,  270.226 ,  5.383 
MG,Ervália,  409.477 ,  15.458 
MG,Esmeraldas,  973.105 ,  19.019 
MG,Espera Feliz,  411.020 ,  72.512 
MG,Espinosa,  363.982 ,  25.287 
MG,Espírito Santo do Dourado,  122.239 ,  31.603 
MG,Estiva,  601.894 ,  4.728 
MG,Estrela Dalva,  42.898 ,  11.416 
MG,Estrela do Indaiá,  165.292 ,  2.308 
MG,Estrela do Sul,  351.924 ,  3.483 
MG,Eugenópolis,  221.830 ,  8.057 
MG,Ewbank da Câmara,  54.364 ,  11.383 
MG,Extrema,  13.651.225 ,  3.932 
MG,Fama,  58.635 ,  37.649 
MG,Faria Lemos,  64.378 ,  2.374 
MG,Felício dos Santos,  73.739 ,  3.202 
MG,São Gonçalo do Rio Preto,  48.754 ,  4.656 
MG,Felisburgo,  75.707 ,  7.548 
MG,Felixlândia,  281.155 ,  15.528 
MG,Fernandes Tourinho,  45.856 ,  3.500 
MG,Ferros,  147.924 ,  9.576 
MG,Fervedouro,  156.889 ,  11.100 
MG,Florestal,  142.809 ,  7.602 
MG,Formiga,  2.214.110 ,  67.956 
MG,Formoso,  314.917 ,  9.810 
MG,Fortaleza de Minas,  111.306 ,  4.460 
MG,Fortuna de Minas,  51.272 ,  2.986 
MG,Francisco Badaró,  77.814 ,  10.311 
MG,Francisco Dumont,  75.609 ,  5.268 
MG,Francisco Sá,  451.860 ,  26.459 
MG,Franciscópolis,  102.828 ,  5.287 
MG,Frei Gaspar,  80.106 ,  5.858 
MG,Frei Inocêncio,  150.490 ,  9.716 
MG,Frei Lagonegro,  35.559 ,  3.496 
MG,Fronteira,  935.152 ,  18.866 
MG,Fronteira dos Vales,  48.953 ,  4.542 
MG,Fruta de Leite,  47.086 ,  5.232 
MG,Frutal,  2.473.118 ,  60.508 
MG,Funilândia,  83.333 ,  4.434 
MG,Galiléia,  113.734 ,  6.764 
MG,Gameleiras,  57.339 ,  5.084 
MG,Glaucilândia,  41.129 ,  3.177 
MG,Goiabeira,  49.908 ,  3.402 
MG,Goianá,  62.270 ,  4.014 
MG,Gonçalves,  94.285 ,  4.360 
MG,Gonzaga,  68.973 ,  6.184 
MG,Gouveia,  198.923 ,  11.811 
MG,Governador Valadares,  7.382.837 ,  282.164 
MG,Grão Mogol,  770.889 ,  15.943 
MG,Grupiara,  44.200 ,  1.386 
MG,Guanhães,  996.965 ,  34.818 
MG,Guapé,  390.784 ,  14.269 
MG,Guaraciaba,  115.228 ,  10.307 
MG,Guaraciama,  78.027 ,  5.005 
MG,Guaranésia,  549.336 ,  19.014 
MG,Guarani,  173.714 ,  8.926 
MG,Guarará,  57.636 ,  3.755 
MG,Guarda-Mor,  750.723 ,  6.558 
MG,Guaxupé,  2.806.366 ,  52.234 
MG,Guidoval,  123.659 ,  7.026 
MG,Guimarânia,  327.236 ,  8.168 
MG,Guiricema,  114.431 ,  8.296 
MG,Gurinhatã,  180.809 ,  5.516 
MG,Heliodora,  133.454 ,  6.623 
MG,Iapu,  176.419 ,  11.085 
MG,Ibertioga,  103.561 ,  4.999 
MG,Ibiá,  1.534.749 ,  25.511 
MG,Ibiaí,  114.963 ,  8.478 
MG,Ibiracatu,  51.265 ,  5.340 
MG,Ibiraci,  728.305 ,  14.128 
MG,Ibirité,  3.203.506 ,  184.030 
MG,Ibitiúra de Minas,  77.638 ,  3.497 
MG,Ibituruna,  59.358 ,  3.003 
MG,Icaraí de Minas,  111.447 ,  12.200 
MG,Igarapé,  967.312 ,  44.561 
MG,Igaratinga,  578.190 ,  11.146 
MG,Iguatama,  587.430 ,  7.901 
MG,Ijaci,  494.882 ,  6.667 
MG,Ilicínea,  265.384 ,  12.511 
MG,Imbé de Minas,  101.174 ,  6.976 
MG,Inconfidentes,  132.576 ,  7.387 
MG,Indaiabira,  87.312 ,  7.328 
MG,Indianópolis,  875.663 ,  7.009 
MG,Ingaí,  115.702 ,  2.785 
MG,Inhapim,  404.796 ,  24.020 
MG,Inhaúma,  145.789 ,  6.352 
MG,Inimutaba,  90.737 ,  7.605 
MG,Ipaba,  180.315 ,  18.926 
MG,Ipanema,  344.577 ,  20.133 
MG,Ipatinga,  17.609.177 ,  267.333 
MG,Ipiaçu,  183.084 ,  4.229 
MG,Ipuiúna,  188.530 ,  10.156 
MG,Iraí de Minas,  301.551 ,  7.067 
MG,Itabira,  14.971.929 ,  121.717 
MG,Itabirinha,  136.423 ,  11.637 
MG,Itabirito,  13.139.828 ,  52.996 
MG,Itacambira,  61.721 ,  5.447 
MG,Itacarambi,  226.363 ,  18.175 
MG,Itaguara,  402.464 ,  13.510 
MG,Itaipé,  121.602 ,  12.910 
MG,Itajubá,  3.288.441 ,  97.782 
MG,Itamarandiba,  647.509 ,  35.130 
MG,Itamarati de Minas,  67.336 ,  4.395 
MG,Itambacuri,  341.052 ,  23.207 
MG,Itambé do Mato Dentro,  35.922 ,  2.032 
MG,Itamogi,  236.365 ,  10.122 
MG,Itamonte,  1.182.177 ,  15.844 
MG,Itanhandu,  470.229 ,  15.511 
MG,Itanhomi,  151.296 ,  12.259 
MG,Itaobim,  308.690 ,  20.997 
MG,Itapagipe,  514.269 ,  15.511 
MG,Itapecerica,  629.195 ,  21.760 
MG,Itapeva,  848.636 ,  9.976 
MG,Itatiaiuçu,  6.934.792 ,  11.354 
MG,Itaú de Minas,  724.266 ,  16.286 
MG,Itaúna,  5.084.952 ,  94.455 
MG,Itaverava,  71.363 ,  5.321 
MG,Itinga,  148.258 ,  15.053 
MG,Itueta,  122.207 ,  6.074 
MG,Ituiutaba,  3.797.932 ,  105.818 
MG,Itumirim,  91.622 ,  5.978 
MG,Iturama,  2.017.455 ,  40.101 
MG,Itutinga,  172.515 ,  3.749 
MG,Jaboticatubas,  297.901 ,  20.683 
MG,Jacinto,  131.584 ,  12.320 
MG,Jacuí,  150.968 ,  7.695 
MG,Jacutinga,  1.143.965 ,  26.538 
MG,Jaguaraçu,  109.845 ,  3.151 
MG,Jaíba,  849.210 ,  39.850 
MG,Jampruca,  82.540 ,  5.453 
MG,Janaúba,  1.603.651 ,  72.374 
MG,Januária,  824.599 ,  67.958 
MG,Japaraíba,  101.337 ,  4.418 
MG,Japonvar,  77.423 ,  7.991 
MG,Jeceaba,  1.953.259 ,  4.795 
MG,Jenipapo de Minas,  79.480 ,  7.781 
MG,Jequeri,  193.981 ,  12.246 
MG,Jequitaí,  130.474 ,  7.407 
MG,Jequitibá,  126.191 ,  5.203 
MG,Jequitinhonha,  274.832 ,  25.555 
MG,Jesuânia,  104.204 ,  4.774 
MG,Joaíma,  162.644 ,  15.476 
MG,Joanésia,  110.227 ,  4.382 
MG,João Monlevade,  4.851.241 ,  80.903 
MG,João Pinheiro,  2.156.171 ,  47.990 
MG,Joaquim Felício,  72.335 ,  4.757 
MG,Jordânia,  107.172 ,  10.872 
MG,José Gonçalves de Minas,  51.745 ,  4.474 
MG,José Raydan,  72.338 ,  5.104 
MG,Josenópolis,  58.028 ,  4.911 
MG,Nova União,  107.518 ,  27.823 
MG,Juatuba,  1.437.155 ,  577.532 
MG,Juiz de Fora,  20.297.559 ,  4.359 
MG,Juramento,  51.609 ,  10.795 
MG,Juruaia,  274.109 ,  5.706 
MG,Juvenília,  65.633 ,  18.272 
MG,Ladainha,  147.330 ,  7.588 
MG,Lagamar,  242.527 ,  53.236 
MG,Lagoa da Prata,  1.986.274 ,  4.062 
MG,Lagoa dos Patos,  59.611 ,  13.115 
MG,Lagoa Dourada,  345.418 ,  18.168 
MG,Lagoa Formosa,  565.583 ,  9.681 
MG,Lagoa Grande,  292.506 ,  66.744 
MG,Lagoa Santa,  2.189.391 ,  19.914 
MG,Lajinha,  399.673 ,  20.995 
MG,Lambari,  405.064 ,  3.366 
MG,Lamim,  52.131 ,  6.856 
MG,Laranjal,  95.788 ,  6.494 
MG,Lassance,  192.541 ,  105.756 
MG,Lavras,  2.941.931 ,  3.222 
MG,Leandro Ferreira,  55.510 ,  4.923 
MG,Leme do Prado,  66.205 ,  52.690 
MG,Leopoldina,  1.113.027 ,  4.994 
MG,Liberdade,  107.638 ,  16.749 
MG,Lima Duarte,  339.660 ,  7.640 
MG,Limeira do Oeste,  462.851 ,  9.766 
MG,Lontra,  93.858 ,  6.249 
MG,Luisburgo,  132.789 ,  6.735 
MG,Luislândia,  65.474 ,  5.431 
MG,Luminárias,  149.070 ,  18.297 
MG,Luz,  657.025 ,  7.112 
MG,Machacalis,  112.451 ,  42.682 
MG,Machado,  1.373.850 ,  5.119 
MG,Madre de Deus de Minas,  301.988 ,  18.556 
MG,Malacacheta,  235.819 ,  6.565 
MG,Mamonas,  60.107 ,  18.051 
MG,Manga,  243.371 ,  92.074 
MG,Manhuaçu,  3.278.527 ,  22.894 
MG,Manhumirim,  563.494 ,  27.651 
MG,Mantena,  476.940 ,  12.985 
MG,Maravilhas,  233.154 ,  8.113 
MG,Mar de Espanha,  227.578 ,  14.019 
MG,Maria da Fé,  203.136 ,  61.830 
MG,Mariana,  7.367.378 ,  4.079 
MG,Marilac,  57.719 ,  15.814 
MG,Mário Campos,  198.000 ,  3.000 
MG,Maripá de Minas,  74.979 ,  4.030 
MG,Marliéria,  60.450 ,  2.701 
MG,Marmelópolis,  42.794 ,  13.497 
MG,Martinho Campos,  474.772 ,  8.640 
MG,Martins Soares,  215.681 ,  8.700 
MG,Mata Verde,  91.577 ,  4.415 
MG,Materlândia,  60.534 ,  31.631 
MG,Mateus Leme,  1.079.651 ,  3.157 
MG,Matias Barbosa,  628.205 ,  14.626 
MG,Matias Cardoso,  158.638 ,  11.360 
MG,Matipó,  425.322 ,  19.098 
MG,Mato Verde,  157.578 ,  12.367 
MG,Matozinhos,  1.506.154 ,  38.469 
MG,Matutina,  97.194 ,  3.733 
MG,Medeiros,  247.330 ,  3.861 
MG,Medina,  253.051 ,  20.701 
MG,Mendes Pimentel,  77.396 ,  6.446 
MG,Mercês,  151.768 ,  10.775 
MG,Mesquita,  59.463 ,  5.489 
MG,Minas Novas,  350.142 ,  31.509 
MG,Minduri,  163.786 ,  3.891 
MG,Mirabela,  163.017 ,  13.651 
MG,Miradouro,  174.006 ,  10.818 
MG,Miraí,  334.110 ,  15.205 
MG,Miravânia,  46.808 ,  4.939 
MG,Moeda,  76.842 ,  4.948 
MG,Moema,  152.615 ,  7.589 
MG,Monjolos,  46.811 ,  2.184 
MG,Monsenhor Paulo,  228.158 ,  8.764 
MG,Montalvânia,  165.416 ,  14.621 
MG,Monte Alegre de Minas,  757.892 ,  21.349 
MG,Monte Azul,  256.132 ,  20.544 
MG,Monte Belo,  365.890 ,  13.139 
MG,Monte Carmelo,  1.558.716 ,  48.049 
MG,Monte Formoso,  44.055 ,  4.939 
MG,Monte Santo de Minas,  483.352 ,  21.504 
MG,Montes Claros,  10.800.251 ,  24.247 
MG,Monte Sião,  606.448 ,  417.478 
MG,Montezuma,  91.071 ,  8.379 
MG,Morada Nova de Minas,  541.171 ,  8.955 
MG,Morro da Garça,  51.051 ,  2.413 
MG,Morro do Pilar,  44.118 ,  3.126 
MG,Munhoz,  128.563 ,  5.960 
MG,Muriaé,  2.655.056 ,  109.997 
MG,Mutum,  508.583 ,  26.945 
MG,Muzambinho,  535.441 ,  20.522 
MG,Nacip Raydan,  37.386 ,  3.221 
MG,Nanuque,  808.599 ,  40.583 
MG,Naque,  90.048 ,  7.104 
MG,Natalândia,  75.129 ,  3.306 
MG,Natércia,  115.354 ,  4.727 
MG,Nazareno,  668.882 ,  8.710 
MG,Nepomuceno,  618.502 ,  26.882 
MG,Ninheira,  126.384 ,  10.355 
MG,Nova Belém,  83.428 ,  3.067 
MG,Nova Era,  432.891 ,  17.524 
MG,Nova Lima,  21.042.646 ,  97.378 
MG,Nova Módica,  58.650 ,  3.548 
MG,Nova Ponte,  1.116.305 ,  16.046 
MG,Nova Porteirinha,  116.257 ,  7.493 
MG,Nova Resende,  385.669 ,  16.937 
MG,Nova Serrana,  2.635.892 ,  108.241 
MG,Novo Cruzeiro,  330.447 ,  5.739 
MG,Novo Oriente de Minas,  121.571 ,  31.339 
MG,Novorizonte,  70.417 ,  10.800 
MG,Olaria,  31.909 ,  5.348 
MG,Olhos-d'Água,  211.931 ,  1.694 
MG,Olímpio Noronha,  43.929 ,  6.243 
MG,Oliveira,  1.105.051 ,  2.829 
MG,Oliveira Fortes,  40.532 ,  41.987 
MG,Onça de Pitangui,  64.915 ,  2.128 
MG,Oratórios,  70.864 ,  3.155 
MG,Orizânia,  122.059 ,  4.671 
MG,Ouro Branco,  8.842.769 ,  8.138 
MG,Ouro Fino,  934.189 ,  40.220 
MG,Ouro Preto,  9.520.035 ,  33.938 
MG,Ouro Verde de Minas,  67.814 ,  74.824 
MG,Padre Carvalho,  58.192 ,  5.895 
MG,Padre Paraíso,  213.919 ,  6.466 
MG,Paineiras,  82.825 ,  20.346 
MG,Pains,  531.428 ,  6.098 
MG,Pai Pedro,  58.645 ,  4.440 
MG,Paiva,  27.301 ,  8.308 
MG,Palma,  103.673 ,  1.517 
MG,Palmópolis,  63.874 ,  6.606 
MG,Papagaios,  374.343 ,  5.196 
MG,Paracatu,  7.198.617 ,  15.922 
MG,Pará de Minas,  4.025.297 ,  95.616 
MG,Paraguaçu,  650.754 ,  94.539 
MG,Paraisópolis,  592.590 ,  21.693 
MG,Paraopeba,  918.487 ,  21.353 
MG,Passabém,  23.595 ,  24.854 
MG,Passa Quatro,  472.423 ,  16.439 
MG,Passa Tempo,  480.322 ,  8.031 
MG,Passa Vinte,  42.087 ,  2.024 
MG,Passos,  3.024.709 ,  1.619 
MG,Patis,  55.018 ,  115.970 
MG,Patos de Minas,  6.145.130 ,  6.031 
MG,Patrocínio,  3.678.404 ,  154.641 
MG,Patrocínio do Muriaé,  116.065 ,  92.116 
MG,Paula Cândido,  136.815 ,  5.744 
MG,Paulistas,  67.350 ,  9.597 
MG,Pavão,  93.078 ,  4.794 
MG,Peçanha,  270.148 ,  8.390 
MG,Pedra Azul,  401.448 ,  17.534 
MG,Pedra Bonita,  96.477 ,  24.333 
MG,Pedra do Anta,  57.727 ,  7.157 
MG,Pedra do Indaiá,  116.154 ,  2.960 
MG,Pedra Dourada,  42.293 ,  3.977 
MG,Pedralva,  182.678 ,  2.559 
MG,Pedras de Maria da Cruz,  109.590 ,  11.098 
MG,Pedrinópolis,  204.115 ,  12.313 
MG,Pedro Leopoldo,  1.939.056 ,  3.651 
MG,Pedro Teixeira,  30.268 ,  65.149 
MG,Pequeri,  62.540 ,  1.804 
MG,Pequi,  85.506 ,  3.340 
MG,Perdigão,  227.190 ,  4.457 
MG,Perdizes,  1.629.092 ,  11.994 
MG,Perdões,  627.041 ,  16.469 
MG,Periquito,  111.678 ,  21.577 
MG,Pescador,  47.101 ,  6.738 
MG,Piau,  92.672 ,  4.261 
MG,Piedade de Caratinga,  140.778 ,  2.719 
MG,Piedade de Ponte Nova,  62.735 ,  8.832 
MG,Piedade do Rio Grande,  110.401 ,  4.141 
MG,Piedade dos Gerais,  89.821 ,  4.436 
MG,Pimenta,  281.722 ,  5.034 
MG,Pingo-d'Água,  52.720 ,  8.715 
MG,Pintópolis,  71.219 ,  5.029 
MG,Piracema,  303.200 ,  7.540 
MG,Pirajuba,  403.824 ,  6.386 
MG,Piranga,  200.178 ,  6.491 
MG,Piranguçu,  78.368 ,  17.641 
MG,Piranguinho,  136.079 ,  5.504 
MG,Pirapetinga,  639.090 ,  8.683 
MG,Pirapora,  2.875.259 ,  10.791 
MG,Piraúba,  200.665 ,  56.845 
MG,Pitangui,  741.338 ,  10.732 
MG,Piumhi,  1.280.835 ,  28.433 
MG,Planura,  574.328 ,  35.137 
MG,Poço Fundo,  403.867 ,  12.445 
MG,Poços de Caldas,  8.531.692 ,  16.900 
MG,Pocrane,  121.719 ,  169.838 
MG,Pompéu,  1.170.187 ,  8.288 
MG,Ponte Nova,  2.144.994 ,  32.248 
MG,Ponto Chique,  52.076 ,  60.003 
MG,Ponto dos Volantes,  122.556 ,  4.305 
MG,Porteirinha,  526.939 ,  12.235 
MG,Porto Firme,  130.247 ,  37.823 
MG,Poté,  168.795 ,  11.414 
MG,Pouso Alegre,  10.720.093 ,  16.675 
MG,Pouso Alto,  277.468 ,  154.293 
MG,Prados,  229.201 ,  5.862 
MG,Prata,  1.293.341 ,  9.128 
MG,Pratápolis,  228.649 ,  28.173 
MG,Pratinha,  154.731 ,  8.530 
MG,Presidente Bernardes,  67.716 ,  3.658 
MG,Presidente Juscelino,  49.095 ,  5.315 
MG,Presidente Kubitschek,  36.194 ,  3.572 
MG,Presidente Olegário,  731.489 ,  3.000 
MG,Alto Jequitibá,  125.604 ,  19.680 
MG,Prudente de Morais,  203.136 ,  10.931 
MG,Quartel Geral,  77.631 ,  3.603 
MG,Queluzito,  40.046 ,  1.948 
MG,Raposos,  193.699 ,  16.501 
MG,Raul Soares,  423.415 ,  23.663 
MG,Recreio,  123.322 ,  10.522 
MG,Reduto,  121.225 ,  7.247 
MG,Resende Costa,  207.535 ,  11.578 
MG,Resplendor,  277.857 ,  17.396 
MG,Ressaquinha,  373.035 ,  4.826 
MG,Riachinho,  157.263 ,  8.132 
MG,Riacho dos Machados,  532.748 ,  9.471 
MG,Ribeirão das Neves,  5.181.711 ,  341.415 
MG,Ribeirão Vermelho,  105.348 ,  4.061 
MG,Rio Acima,  472.471 ,  10.524 
MG,Rio Casca,  237.367 ,  13.384 
MG,Rio Doce,  51.873 ,  5.117 
MG,Rio do Prado,  52.673 ,  2.630 
MG,Rio Espera,  59.610 ,  5.332 
MG,Rio Manso,  113.745 ,  5.924 
MG,Rio Novo,  120.108 ,  8.964 
MG,Rio Paranaíba,  906.353 ,  12.356 
MG,Rio Pardo de Minas,  345.467 ,  31.171 
MG,Rio Piracicaba,  1.339.301 ,  14.325 
MG,Rio Pomba,  417.439 ,  18.007 
MG,Rio Preto,  69.182 ,  5.493 
MG,Rio Vermelho,  140.768 ,  12.635 
MG,Ritápolis,  90.357 ,  4.521 
MG,Rochedo de Minas,  114.736 ,  2.335 
MG,Rodeiro,  550.096 ,  8.333 
MG,Romaria,  271.547 ,  3.507 
MG,Rosário da Limeira,  67.739 ,  4.648 
MG,Rubelita,  80.085 ,  5.609 
MG,Rubim,  111.720 ,  10.269 
MG,Sabará,  4.201.730 ,  137.877 
MG,Sabinópolis,  334.745 ,  15.364 
MG,Sacramento,  2.090.987 ,  26.556 
MG,Salinas,  667.409 ,  41.864 
MG,Salto da Divisa,  132.072 ,  7.014 
MG,Santa Bárbara,  1.628.493 ,  31.873 
MG,Santa Bárbara do Leste,  111.650 ,  8.212 
MG,Santa Bárbara do Monte Verde,  56.244 ,  3.212 
MG,Santa Bárbara do Tugúrio,  70.594 ,  4.385 
MG,Santa Cruz de Minas,  103.519 ,  8.723 
MG,Santa Cruz de Salinas,  49.009 ,  4.074 
MG,Santa Cruz do Escalvado,  76.965 ,  4.693 
MG,Santa Efigênia de Minas,  51.019 ,  4.354 
MG,Santa Fé de Minas,  59.942 ,  3.806 
MG,Santa Helena de Minas,  57.951 ,  6.406 
MG,Santa Juliana,  860.482 ,  14.497 
MG,Santa Luzia,  5.290.589 ,  221.705 
MG,Santa Margarida,  354.063 ,  16.393 
MG,Santa Maria de Itabira,  269.043 ,  10.867 
MG,Santa Maria do Salto,  49.995 ,  5.203 
MG,Santa Maria do Suaçuí,  170.840 ,  14.607 
MG,Santana da Vargem,  242.910 ,  8.900 
MG,Santana de Cataguases,  49.933 ,  3.380 
MG,Santana de Pirapama,  116.685 ,  4.843 
MG,Santana do Deserto,  47.378 ,  7.322 
MG,Santana do Garambéu,  39.157 ,  5.426 
MG,Santana do Jacaré,  105.993 ,  44.226 
MG,Santana do Manhuaçu,  189.846 ,  3.364 
MG,Santana do Paraíso,  750.463 ,  19.997 
MG,Santana do Riacho,  103.786 ,  7.047 
MG,Santana dos Montes,  49.866 ,  3.909 
MG,Santa Rita de Caldas,  227.955 ,  7.538 
MG,Santa Rita de Jacutinga,  74.817 ,  3.985 
MG,Santa Rita de Minas,  151.813 ,  2.494 
MG,Santa Rita de Ibitipoca,  61.761 ,  4.847 
MG,Santa Rita do Itueto,  179.081 ,  8.660 
MG,Santa Rita do Sapucaí,  1.944.614 ,  36.048 
MG,Santa Rosa da Serra,  102.034 ,  4.334 
MG,Santa Vitória,  802.690 ,  3.753 
MG,Santo Antônio do Amparo,  354.432 ,  18.697 
MG,Santo Antônio do Aventureiro,  67.920 ,  3.602 
MG,Santo Antônio do Grama,  85.672 ,  3.861 
MG,Santo Antônio do Itambé,  44.707 ,  3.763 
MG,Santo Antônio do Jacinto,  114.554 ,  11.570 
MG,Santo Antônio do Monte,  843.029 ,  28.603 
MG,Santo Antônio do Retiro,  70.750 ,  7.316 
MG,Santo Antônio do Rio Abaixo,  28.497 ,  1.756 
MG,Santo Hipólito,  50.200 ,  3.044 
MG,Santos Dumont,  1.102.977 ,  46.357 
MG,São Bento Abade,  89.310 ,  5.411 
MG,São Brás do Suaçuí,  80.505 ,  3.770 
MG,São Domingos das Dores,  91.417 ,  5.672 
MG,São Domingos do Prata,  313.491 ,  17.296 
MG,São Félix de Minas,  43.895 ,  3.354 
MG,São Francisco,  648.148 ,  56.625 
MG,São Francisco de Paula,  150.481 ,  6.512 
MG,São Francisco de Sales,  194.087 ,  6.309 
MG,São Francisco do Glória,  72.567 ,  4.758 
MG,São Geraldo,  264.434 ,  12.751 
MG,São Geraldo da Piedade,  44.821 ,  3.860 
MG,São Geraldo do Baixio,  49.944 ,  4.104 
MG,São Gonçalo do Abaeté,  325.580 ,  8.527 
MG,São Gonçalo do Pará,  311.248 ,  12.776 
MG,São Gonçalo do Rio Abaixo,  7.603.851 ,  11.114 
MG,São Gonçalo do Sapucaí,  987.545 ,  3.178 
MG,São Gotardo,  1.189.360 ,  25.670 
MG,São João Batista do Glória,  268.158 ,  36.084 
MG,São João da Lagoa,  60.418 ,  7.541 
MG,São João da Mata,  55.082 ,  4.949 
MG,São João da Ponte,  268.895 ,  2.743 
MG,São João das Missões,  92.400 ,  25.033 
MG,São João del Rei,  3.005.052 ,  13.232 
MG,São João do Manhuaçu,  183.099 ,  90.897 
MG,São João do Manteninha,  81.243 ,  11.785 
MG,São João do Oriente,  101.877 ,  5.975 
MG,São João do Pacuí,  44.646 ,  7.393 
MG,São João do Paraíso,  285.080 ,  4.476 
MG,São João Evangelista,  253.108 ,  23.797 
MG,São João Nepomuceno,  506.309 ,  15.761 
MG,São Joaquim de Bicas,  1.083.354 ,  26.530 
MG,São José da Barra,  891.476 ,  32.696 
MG,São José da Lapa,  625.195 ,  7.532 
MG,São José da Safira,  49.560 ,  24.490 
MG,São José da Varginha,  114.407 ,  4.291 
MG,São José do Alegre,  57.940 ,  5.151 
MG,São José do Divino,  53.046 ,  4.222 
MG,São José do Goiabal,  67.388 ,  3.851 
MG,São José do Jacuri,  99.911 ,  5.356 
MG,São José do Mantimento,  44.175 ,  6.409 
MG,São Lourenço,  1.177.922 ,  2.821 
MG,São Miguel do Anta,  105.089 ,  46.539 
MG,São Pedro da União,  148.166 ,  6.949 
MG,São Pedro dos Ferros,  134.410 ,  4.563 
MG,São Pedro do Suaçuí,  81.787 ,  5.160 
MG,São Romão,  243.121 ,  7.634 
MG,São Roque de Minas,  323.185 ,  12.713 
MG,São Sebastião da Bela Vista,  443.000 ,  7.100 
MG,São Sebastião da Vargem Alegre,  66.816 ,  5.598 
MG,São Sebastião do Anta,  104.241 ,  3.039 
MG,São Sebastião do Maranhão,  100.816 ,  6.697 
MG,São Sebastião do Oeste,  597.003 ,  9.884 
MG,São Sebastião do Paraíso,  2.236.521 ,  6.948 
MG,São Sebastião do Rio Preto,  25.970 ,  71.915 
MG,São Sebastião do Rio Verde,  35.692 ,  1.478 
MG,São Tiago,  246.094 ,  2.259 
MG,São Tomás de Aquino,  195.273 ,  10.979 
MG,São Tomé das Letras,  137.362 ,  6.980 
MG,São Vicente de Minas,  206.110 ,  7.151 
MG,Sapucaí-Mirim,  110.272 ,  7.876 
MG,Sardoá,  68.802 ,  7.045 
MG,Sarzedo,  2.190.992 ,  6.421 
MG,Setubinha,  122.686 ,  34.050 
MG,Sem-Peixe,  36.665 ,  2.579 
MG,Senador Amaral,  89.448 ,  5.365 
MG,Senador Cortes,  38.035 ,  2.001 
MG,Senador Firmino,  106.777 ,  7.902 
MG,Senador José Bento,  35.496 ,  1.422 
MG,Senador Modestino Gonçalves,  92.207 ,  4.056 
MG,Senhora de Oliveira,  81.083 ,  5.786 
MG,Senhora do Porto,  49.778 ,  3.516 
MG,Senhora dos Remédios,  115.769 ,  10.474 
MG,Sericita,  104.985 ,  7.340 
MG,Seritinga,  45.232 ,  1.857 
MG,Serra Azul de Minas,  45.066 ,  4.292 
MG,Serra da Saudade,  21.891 ,  771 
MG,Serra dos Aimorés,  91.034 ,  11.750 
MG,Serra do Salitre,  983.222 ,  8.725 
MG,Serrania,  161.647 ,  7.667 
MG,Serranópolis de Minas,  47.456 ,  4.836 
MG,Serranos,  38.562 ,  1.949 
MG,Serro,  292.440 ,  20.915 
MG,Sete Lagoas,  12.659.740 ,  243.950 
MG,Silveirânia,  35.150 ,  12.493 
MG,Silvianópolis,  141.556 ,  2.267 
MG,Simão Pereira,  104.072 ,  6.258 
MG,Simonésia,  285.287 ,  2.621 
MG,Sobrália,  67.373 ,  19.834 
MG,Soledade de Minas,  81.877 ,  5.476 
MG,Tabuleiro,  65.731 ,  6.226 
MG,Taiobeiras,  557.419 ,  3.669 
MG,Taparuba,  49.070 ,  34.653 
MG,Tapira,  689.238 ,  3.093 
MG,Tapiraí,  56.041 ,  4.890 
MG,Taquaraçu de Minas,  65.923 ,  1.869 
MG,Tarumirim,  188.341 ,  4.120 
MG,Teixeiras,  191.322 ,  14.280 
MG,Teófilo Otoni,  2.951.670 ,  11.680 
MG,Timóteo,  5.611.339 ,  141.269 
MG,Tiradentes,  205.707 ,  91.268 
MG,Tiros,  379.859 ,  8.160 
MG,Tocantins,  349.691 ,  6.369 
MG,Tocos do Moji,  70.719 ,  16.769 
MG,Toledo,  107.161 ,  4.117 
MG,Tombos,  130.979 ,  6.336 
MG,Três Corações,  2.959.361 ,  7.683 
MG,Três Marias,  3.151.633 ,  80.561 
MG,Três Pontas,  1.879.264 ,  33.062 
MG,Tumiritinga,  82.915 ,  57.127 
MG,Tupaciguara,  946.559 ,  6.797 
MG,Turmalina,  443.706 ,  25.466 
MG,Turvolândia,  139.820 ,  20.280 
MG,Ubá,  3.573.940 ,  5.099 
MG,Ubaí,  117.219 ,  117.995 
MG,Ubaporanga,  167.991 ,  12.661 
MG,Uberaba,  20.397.519 ,  12.514 
MG,Uberlândia,  43.129.285 ,  340.277 
MG,Umburatiba,  44.172 ,  706.597 
MG,Unaí,  4.319.563 ,  2.582 
MG,União de Minas,  130.424 ,  85.461 
MG,Uruana de Minas,  97.097 ,  4.265 
MG,Urucânia,  239.997 ,  3.256 
MG,Urucuia,  193.242 ,  10.333 
MG,Vargem Alegre,  77.331 ,  17.470 
MG,Vargem Bonita,  87.637 ,  6.460 
MG,Vargem Grande do Rio Pardo,  68.130 ,  2.143 
MG,Varginha,  8.093.810 ,  5.045 
MG,Varjão de Minas,  316.199 ,  137.608 
MG,Várzea da Palma,  1.067.613 ,  7.235 
MG,Varzelândia,  187.206 ,  40.101 
MG,Vazante,  1.168.648 ,  19.290 
MG,Verdelândia,  115.451 ,  20.692 
MG,Veredinha,  133.052 ,  9.527 
MG,Veríssimo,  170.434 ,  5.733 
MG,Vermelho Novo,  64.216 ,  4.090 
MG,Vespasiano,  3.020.537 ,  4.852 
MG,Viçosa,  1.811.859 ,  131.849 
MG,Vieiras,  53.459 ,  79.910 
MG,Mathias Lobato,  43.931 ,  3.570 
MG,Virgem da Lapa,  131.604 ,  13.729 
MG,Virgínia,  180.446 ,  8.652 
MG,Virginópolis,  183.953 ,  10.459 
MG,Virgolândia,  62.674 ,  5.303 
MG,Visconde do Rio Branco,  1.351.679 ,  43.351 
MG,Volta Grande,  140.361 ,  5.270 
MG,Wenceslau Braz,  33.088 ,  2.543 